﻿--
-- Script was generated by Devart dbForge Studio for MySQL, Version 8.0.40.0
-- Product home page: http://www.devart.com/dbforge/mysql/studio
-- Script date 17/06/2022 22:03:32
-- Server version: 5.5.5-10.1.40-MariaDB
-- Client version: 4.1
--

-- 
-- Disable foreign keys
-- 
/*!40014 SET @OLD_FOREIGN_KEY_CHECKS=@@FOREIGN_KEY_CHECKS, FOREIGN_KEY_CHECKS=0 */;

-- 
-- Set SQL mode
-- 
/*!40101 SET @OLD_SQL_MODE=@@SQL_MODE, SQL_MODE='NO_AUTO_VALUE_ON_ZERO' */;

-- 
-- Set character set the client will use to send SQL statements to the server
--
SET NAMES 'utf8';

DROP DATABASE IF EXISTS perreras;

CREATE DATABASE IF NOT EXISTS perreras
CHARACTER SET latin1
COLLATE latin1_swedish_ci;

--
-- Set default database
--
USE perreras;

--
-- Create table `protectoras`
--
CREATE TABLE IF NOT EXISTS protectoras (
  codigo int(11) NOT NULL AUTO_INCREMENT,
  nombre_protectora varchar(60) DEFAULT NULL,
  email varchar(30) DEFAULT NULL,
  telefono int(12) DEFAULT NULL,
  ciudad varchar(30) DEFAULT NULL,
  codigo_postal int(5) DEFAULT NULL,
  direccion varchar(30) DEFAULT NULL,
  PRIMARY KEY (codigo)
)
ENGINE = INNODB,
AUTO_INCREMENT = 7,
AVG_ROW_LENGTH = 2730,
CHARACTER SET latin1,
COLLATE latin1_swedish_ci;

--
-- Create table `clientes`
--
CREATE TABLE IF NOT EXISTS clientes (
  codigo_cliente int(11) NOT NULL AUTO_INCREMENT,
  nombre varchar(30) DEFAULT NULL,
  apellidos varchar(30) DEFAULT NULL,
  telefono int(12) DEFAULT NULL,
  email varchar(30) DEFAULT NULL,
  direccion varchar(30) DEFAULT NULL,
  dni varchar(9) DEFAULT NULL,
  PRIMARY KEY (codigo_cliente)
)
ENGINE = INNODB,
AUTO_INCREMENT = 22,
AVG_ROW_LENGTH = 780,
CHARACTER SET latin1,
COLLATE latin1_swedish_ci;

--
-- Create table `animales`
--
CREATE TABLE IF NOT EXISTS animales (
  codigo_animal int(11) NOT NULL AUTO_INCREMENT,
  codigo int(11) DEFAULT NULL,
  codigo_cliente int(11) DEFAULT NULL,
  nombre_mascota varchar(30) DEFAULT NULL,
  adopcion tinyint(1) DEFAULT NULL,
  tipo_de_animal varchar(30) DEFAULT NULL,
  apto_para_adoptar tinyint(1) DEFAULT NULL,
  edad int(2) DEFAULT NULL,
  raza varchar(20) DEFAULT NULL,
  PRIMARY KEY (codigo_animal)
)
ENGINE = INNODB,
AUTO_INCREMENT = 32,
AVG_ROW_LENGTH = 546,
CHARACTER SET latin1,
COLLATE latin1_swedish_ci;

--
-- Create foreign key
--
ALTER TABLE animales
ADD CONSTRAINT fk_animales_clientes FOREIGN KEY (codigo_cliente)
REFERENCES clientes (codigo_cliente) ON DELETE SET NULL ON UPDATE CASCADE;

--
-- Create foreign key
--
ALTER TABLE animales
ADD CONSTRAINT fk_animales_protectoras FOREIGN KEY (codigo)
REFERENCES protectoras (codigo) ON DELETE SET NULL ON UPDATE CASCADE;

--
-- Create table `formulario`
--
CREATE TABLE IF NOT EXISTS formulario (
  id int(11) NOT NULL AUTO_INCREMENT,
  codigo_animal int(11) DEFAULT NULL,
  nombre_usuario varchar(60) DEFAULT NULL,
  apellido_usuario varchar(60) DEFAULT NULL,
  telefono_usuario int(12) DEFAULT NULL,
  correo varchar(30) DEFAULT NULL,
  PRIMARY KEY (id)
)
ENGINE = INNODB,
AUTO_INCREMENT = 2,
AVG_ROW_LENGTH = 16384,
CHARACTER SET latin1,
COLLATE latin1_swedish_ci;

--
-- Create foreign key
--
ALTER TABLE formulario
ADD CONSTRAINT fk_formulario_animales FOREIGN KEY (codigo_animal)
REFERENCES animales (codigo_animal) ON DELETE SET NULL ON UPDATE CASCADE;

--
-- Create table `cartillas`
--
CREATE TABLE IF NOT EXISTS cartillas (
  codigo int(11) NOT NULL AUTO_INCREMENT,
  codigo_animal int(11) DEFAULT NULL,
  castrado tinyint(1) DEFAULT NULL,
  incidentes varchar(300) DEFAULT NULL,
  chip tinyint(1) DEFAULT NULL,
  PRIMARY KEY (codigo),
  UNIQUE INDEX fk_cartillas_animales2 (codigo, codigo_animal)
)
ENGINE = INNODB,
AUTO_INCREMENT = 32,
AVG_ROW_LENGTH = 546,
CHARACTER SET latin1,
COLLATE latin1_swedish_ci;

--
-- Create foreign key
--
ALTER TABLE cartillas
ADD CONSTRAINT fk_cartillas_animales FOREIGN KEY (codigo_animal)
REFERENCES animales (codigo_animal) ON DELETE SET NULL ON UPDATE CASCADE;

--
-- Create table `vacunas`
--
CREATE TABLE IF NOT EXISTS vacunas (
  id int(11) NOT NULL AUTO_INCREMENT,
  codigo int(11) DEFAULT NULL,
  vacunas varchar(50) DEFAULT NULL,
  PRIMARY KEY (id)
)
ENGINE = INNODB,
AUTO_INCREMENT = 32,
AVG_ROW_LENGTH = 546,
CHARACTER SET latin1,
COLLATE latin1_swedish_ci;

--
-- Create index `uk_vacunas_cartillas` on table `vacunas`
--
ALTER TABLE vacunas
ADD UNIQUE INDEX uk_vacunas_cartillas (codigo, vacunas);

--
-- Create foreign key
--
ALTER TABLE vacunas
ADD CONSTRAINT fk_vacunas_cartillas FOREIGN KEY (codigo)
REFERENCES cartillas (codigo) ON DELETE SET NULL ON UPDATE CASCADE;

--
-- Create table `apadrinan`
--
CREATE TABLE IF NOT EXISTS apadrinan (
  id int(11) NOT NULL AUTO_INCREMENT,
  codigo_animal int(11) DEFAULT NULL,
  codigo_cliente int(11) DEFAULT NULL,
  PRIMARY KEY (id)
)
ENGINE = INNODB,
AUTO_INCREMENT = 5,
AVG_ROW_LENGTH = 4096,
CHARACTER SET latin1,
COLLATE latin1_swedish_ci;

--
-- Create index `uk_apadrinan_animales_clientes` on table `apadrinan`
--
ALTER TABLE apadrinan
ADD UNIQUE INDEX uk_apadrinan_animales_clientes (codigo_animal, codigo_cliente);

--
-- Create foreign key
--
ALTER TABLE apadrinan
ADD CONSTRAINT fk_apadrinan_animales FOREIGN KEY (codigo_animal)
REFERENCES animales (codigo_animal) ON DELETE SET NULL ON UPDATE CASCADE;

--
-- Create foreign key
--
ALTER TABLE apadrinan
ADD CONSTRAINT fk_apadrinan_clientes FOREIGN KEY (codigo_cliente)
REFERENCES clientes (codigo_cliente) ON DELETE SET NULL ON UPDATE CASCADE;

--
-- Create table `veterinarios`
--
CREATE TABLE IF NOT EXISTS veterinarios (
  codigo_veterinario int(11) NOT NULL AUTO_INCREMENT,
  nombre varchar(30) DEFAULT NULL,
  apellidos varchar(30) DEFAULT NULL,
  numero_profesional_veterinario int(30) DEFAULT NULL,
  PRIMARY KEY (codigo_veterinario)
)
ENGINE = INNODB,
AUTO_INCREMENT = 7,
AVG_ROW_LENGTH = 2730,
CHARACTER SET latin1,
COLLATE latin1_swedish_ci;

--
-- Create table `tienen`
--
CREATE TABLE IF NOT EXISTS tienen (
  id int(11) NOT NULL AUTO_INCREMENT,
  codigo_protectora int(11) DEFAULT NULL,
  codigo_veterinario int(11) DEFAULT NULL,
  PRIMARY KEY (id)
)
ENGINE = INNODB,
AUTO_INCREMENT = 7,
AVG_ROW_LENGTH = 2730,
CHARACTER SET latin1,
COLLATE latin1_swedish_ci;

--
-- Create index `uk_tienen_protectoras_veterinario` on table `tienen`
--
ALTER TABLE tienen
ADD UNIQUE INDEX uk_tienen_protectoras_veterinario (codigo_protectora, codigo_veterinario);

--
-- Create foreign key
--
ALTER TABLE tienen
ADD CONSTRAINT fk_tienen_protectoras FOREIGN KEY (codigo_protectora)
REFERENCES protectoras (codigo) ON DELETE SET NULL ON UPDATE CASCADE;

--
-- Create foreign key
--
ALTER TABLE tienen
ADD CONSTRAINT fk_tienen_veterinario FOREIGN KEY (codigo_veterinario)
REFERENCES veterinarios (codigo_veterinario) ON DELETE SET NULL ON UPDATE CASCADE;

--
-- Create table `revisan`
--
CREATE TABLE IF NOT EXISTS revisan (
  id int(11) NOT NULL AUTO_INCREMENT,
  codigo_veterinario int(11) DEFAULT NULL,
  codigo_animal int(11) DEFAULT NULL,
  PRIMARY KEY (id)
)
ENGINE = INNODB,
AUTO_INCREMENT = 32,
AVG_ROW_LENGTH = 546,
CHARACTER SET latin1,
COLLATE latin1_swedish_ci;

--
-- Create index `uk_revisan_veterinario_animales` on table `revisan`
--
ALTER TABLE revisan
ADD UNIQUE INDEX uk_revisan_veterinario_animales (codigo_veterinario, codigo_animal);

--
-- Create foreign key
--
ALTER TABLE revisan
ADD CONSTRAINT fk_revisan_animales FOREIGN KEY (codigo_animal)
REFERENCES animales (codigo_animal) ON DELETE SET NULL ON UPDATE CASCADE;

--
-- Create foreign key
--
ALTER TABLE revisan
ADD CONSTRAINT fk_revisan_veterinario FOREIGN KEY (codigo_veterinario)
REFERENCES veterinarios (codigo_veterinario) ON DELETE SET NULL ON UPDATE CASCADE;

--
-- Create table `usuarios`
--
CREATE TABLE IF NOT EXISTS usuarios (
  codigo_usuario int(11) NOT NULL AUTO_INCREMENT,
  nombre varchar(30) DEFAULT NULL,
  apellidos varchar(30) DEFAULT NULL,
  direccion int(30) DEFAULT NULL,
  codigo_postal int(5) DEFAULT NULL,
  PRIMARY KEY (codigo_usuario)
)
ENGINE = INNODB,
CHARACTER SET latin1,
COLLATE latin1_swedish_ci;

-- 
-- Dumping data for table protectoras
--
INSERT INTO protectoras VALUES
(1, 'Amigat', 'amigat@hotmail.com', 654342444, 'santander', 39888, 'santa lucia'),
(2, 'Asproan', 'Asproan@hotmail.com', 654342555, 'San Román de la Llanilla/Canta', 39007, 'Bo. La Tejona s/n '),
(3, 'Galgos & podencos Cantabria', 'Galgos&podencos@hotmail.com', 654342666, 'Santander', 39012, 'Calle vargas - 65'),
(4, 'Perrucos Cantabria', 'PerrucosCantabria@hotmail.com', 654342777, 'Santander', 39081, 'Modesto tapia - 3'),
(5, 'Refugio Canino Torres', ' CaninoTorres@hotmail.com', 654342888, 'Torrelavega', 39300, 'Lugar Barrio Torres Arriba, 58'),
(6, 'Aspascan', 'Aspascan@hotmail.com', 654342999, 'Laredo/Cantabria', 39700, 'C.Reconquista de Sevilla ');

-- 
-- Dumping data for table clientes
--
INSERT INTO clientes VALUES
(1, 'luis', 'Lopez', 645234444, 'luislopez@hotmail.com', 'calle castilla', '72553553k'),
(2, 'Alvaro', 'Lavin', 645848564, 'alvarolavin@hotmail.com', 'cisneros', '72512343L'),
(3, 'Manuel', 'Castillo', 645234444, 'Manuelcastillo@hotmail.com', 'santa lucia', '72582533E'),
(4, 'Pablo', 'Gomez', 690434014, 'pablogomez@hotmail.com', 'los pinares', '72237553V'),
(5, 'Jorge', 'Pacheco', 639046728, 'jorgepacheco@hotmail.com', 'calle toledo', '72726323F'),
(6, 'Elena', 'Perez', 644344445, 'elenaperez@hotmail.com', 'calle bartolome', '72551053k'),
(7, 'lucia', 'Calvo', 645802564, 'luciacalvo@hotmail.com', 'antenas', '72590343L'),
(8, 'Juan', 'Cuesta', 645234444, 'juancuesta@hotmail.com', 'santo domingo', '72582234E'),
(9, 'Marco', 'Polo', 690400014, 'marcopolo@hotmail.com', 'miami', '72837553V'),
(10, 'Leticia', 'Sabater', 639046728, 'leticiasabater@hotmail.com', 'calle mirada perdida', '79126323F'),
(11, 'Carlos', 'Ramirez', 645239244, 'Carlosramirez@hotmail.com', 'calle perdida', '72550953k'),
(12, 'Rocio', 'Flores', 644556564, 'alvarolavin@hotmail.com', 'cisneros', '72622343L'),
(13, 'Tomas', 'Turbado', 645094444, 'tomasturbado@hotmail.com', 'santa pascua', '72554533E'),
(14, 'Alba', 'Blanco', 690104014, 'albagomez@hotmail.com', 'peninsula de la magdalena', '72201553V'),
(15, 'Rosa', 'Mendez', 639006998, 'rosamendez@hotmail.com', 'calle tesoro', '72700323F'),
(16, 'Rosana', 'Exposito', 645234004, 'rosanaexposito@hotmail.com', 'calle mendez', '70053553k'),
(17, 'Carmen', 'Porta', 640148564, 'carmenporta@hotmail.com', 'calle lisa', '72512113L'),
(18, 'Javier', 'Guerra', 645239944, 'javierguerra@hotmail.com', 'santa teresa', '71182533E'),
(19, 'Adrian', 'Castillo', 690430284, 'adriancastillo@hotmail.com', 'los pinares', '72557553V'),
(20, '', '', NULL, '', NULL, NULL),
(21, 'pablo', 'saturio', 639123123, 'pabloi@adfkjas.com', NULL, NULL);

-- 
-- Dumping data for table animales
--
INSERT INTO animales VALUES
(1, 1, 1, 'Luisa', 1, 'Gato', 1, 5, 'Sphynx'),
(2, 2, NULL, 'Thor', 0, 'Perro', 1, 6, 'Boxer'),
(3, 1, 3, 'Maria', 1, 'Gato', 1, 7, 'Siamés'),
(4, 3, NULL, 'Lucas', 0, 'Perro', 1, 2, 'Galgo Ruso'),
(5, 3, 5, 'Rosa', 1, 'Perro', 1, 8, 'Galgo Ruso'),
(6, 1, NULL, 'Michi', 0, 'Gato', 1, 3, 'Callejero'),
(7, 6, 7, 'Kira', 1, 'Perro', 1, 6, 'San Bernardo'),
(8, 6, NULL, 'Marcos', 0, 'Gato', 1, 9, 'Gato persa'),
(9, 2, NULL, 'Godo', 0, 'Perro', 1, 20, 'Dóberman'),
(10, 6, NULL, 'Fari', 0, 'Perro', 1, 5, 'Pitbull'),
(11, 6, NULL, 'Tyson', 0, 'Perro', 1, 2, 'Chihuahua'),
(12, 5, NULL, 'Marta', 0, 'Perro', 1, 3, 'Pumeranian'),
(13, 1, NULL, 'Cocran', 0, 'Gato', 1, 2, 'siamés'),
(14, 5, NULL, 'Ester', 0, 'Perro', 1, 6, 'Galgo Italiano'),
(15, 5, NULL, 'Mario', 0, 'Perro', 1, 5, 'Bulldog Ingles'),
(16, 4, NULL, 'Juanda', 0, 'Perro', 1, 5, 'Golden Retriever'),
(17, 4, NULL, 'Cris', 0, 'Perro', 1, 4, 'boxer'),
(18, 2, NULL, 'Zeus', 0, 'Perro', 1, 9, 'Bull Terrier'),
(19, 5, NULL, 'Tornado', 0, 'Perro', 1, 1, 'Husky'),
(20, 3, NULL, 'Flash', 0, 'Perro', 1, 1, 'Podenco'),
(21, 4, NULL, 'Rufus', 0, 'Perro', 1, 1, 'Pastor Alemán'),
(22, 4, NULL, 'Anacleto', 1, 'Perro', 1, 2, 'Pitbull'),
(23, 2, NULL, 'Mario', 1, 'Perro', 1, 5, 'Pug'),
(24, 2, NULL, 'Chiquitin', 1, 'Perro', 1, 6, 'Gran danes'),
(25, 4, NULL, 'Repeinado', 1, 'Perro', 1, 2, 'Lebrel afgano'),
(26, 5, NULL, 'Rosco', 1, 'Perro', 1, 1, 'Basenji'),
(27, 2, NULL, 'Juan David', 1, 'Perro', 1, 4, 'Pastor persa'),
(28, 6, NULL, 'Manchitas', 1, 'Perro', 1, 7, 'Jack Russell Terrier'),
(29, 5, NULL, 'Anacleto', 1, 'Perro', 1, 1, 'Dalmata'),
(30, 4, NULL, 'Zoro', 1, 'Perro', 1, 8, 'shiba inu'),
(31, 2, NULL, 'Inquieto', 1, 'perro', 0, 3, 'Podenco');

-- 
-- Dumping data for table cartillas
--
INSERT INTO cartillas VALUES
(1, 1, 0, 'Sin incidentes', 0),
(2, 2, 0, 'Sin incidentes', 0),
(3, 3, 0, 'Sin incidentes', 0),
(4, 4, 0, 'Sin incidentes', 0),
(5, 5, 0, 'Sin incidentes', 0),
(6, 6, 0, 'Sin incidentes', 1),
(7, 7, 0, 'Sin incidentes', 1),
(8, 8, 0, 'Sin incidentes', 1),
(9, 9, 0, 'Sin incidentes', 0),
(10, 10, 0, 'Sin incidentes', 0),
(11, 11, 0, 'Sin incidentes', 0),
(12, 12, 0, 'Sin incidentes', 0),
(13, 13, 0, 'Sin incidentes', 1),
(14, 14, 0, 'Sin incidentes', 1),
(15, 15, 0, 'Sin incidentes', 1),
(16, 16, 0, 'Sin incidentes', 1),
(17, 17, 0, 'Sin incidentes', 1),
(18, 18, 0, 'Sin incidentes', 1),
(19, 19, 0, 'Sin incidentes', 1),
(20, 20, 0, 'Sin incidentes', 1),
(21, 21, 0, 'Sin incidentes', 1),
(22, 22, 0, 'Sin incidentes', 1),
(23, 23, 0, 'Sin incidentes', 1),
(24, 24, 0, 'Sin incidentes', 1),
(25, 25, 0, 'Sin incidentes', 1),
(26, 26, 0, 'Sin incidentes', 1),
(27, 27, 0, 'Sin incidentes', 1),
(28, 28, 0, 'Sin incidentes', 1),
(29, 29, 0, 'Sin incidentes', 1),
(30, 30, 0, 'Sin incidentes', 1),
(31, NULL, 1, 'sin incidentes', 1);

-- 
-- Dumping data for table veterinarios
--
INSERT INTO veterinarios VALUES
(1, 'Mario', 'Díaz Marquez', 1959304756),
(2, 'Ramón', 'Díez Ayuso', 1999852156),
(3, 'Sara', 'Gomez Silla', 1319304756),
(4, 'Teresa', 'Rodriguez Trueba', 1119304756),
(5, 'Juan David', 'Cardenas ', 1447304756),
(6, 'Álvaro', 'Polo Marquez', 1119304756);

-- 
-- Dumping data for table vacunas
--
INSERT INTO vacunas VALUES
(1, 1, 'leucemia triple viarica PIF'),
(2, 2, 'Polivalente y rabia'),
(3, 3, 'leucemia triple viarica PIF'),
(4, 4, 'Polivalente y rabia'),
(5, 5, 'Polivalente y rabia'),
(6, 6, 'leucemia triple viarica PIF'),
(7, 7, 'Polivalente y rabia'),
(8, 8, 'leucemia triple viarica PIF'),
(9, 9, 'Paramixovirus'),
(10, 10, 'Polivalente y rabia'),
(11, 11, 'Polivalente y rabia'),
(12, 12, 'Polivalente y rabia'),
(13, 13, 'Polivalente y rabia'),
(14, 14, 'Polivalente y rabia'),
(15, 15, 'Polivalente y rabia'),
(16, 16, 'Polivalente y rabia'),
(17, 17, 'Polivalente y rabia'),
(18, 18, 'Polivalente y rabia'),
(19, 19, 'Polivalente y rabia'),
(20, 20, 'Polivalente y rabia'),
(21, 21, 'Polivalente y rabia'),
(22, 22, 'Polivalente y rabia'),
(23, 23, 'Polivalente y rabia'),
(24, 24, 'Polivalente y rabia'),
(25, 25, 'Polivalente y rabia'),
(26, 26, 'Polivalente y rabia'),
(27, 27, 'Polivalente y rabia'),
(28, 28, 'Polivalente y rabia'),
(29, 29, 'Polivalente y rabia'),
(30, 30, 'Polivalente y rabia'),
(31, 31, 'rabia');

-- 
-- Dumping data for table usuarios
--
-- Table perreras.usuarios does not contain any data (it is empty)

-- 
-- Dumping data for table tienen
--
INSERT INTO tienen VALUES
(1, 1, 1),
(2, 2, 2),
(3, 3, 3),
(4, 4, 4),
(5, 5, 5),
(6, 6, 6);

-- 
-- Dumping data for table revisan
--
INSERT INTO revisan VALUES
(1, 1, 1),
(3, 1, 3),
(6, 1, 6),
(13, 1, 13),
(31, 1, 31),
(2, 2, 2),
(9, 2, 9),
(18, 2, 18),
(23, 2, 23),
(24, 2, 24),
(27, 2, 27),
(4, 3, 4),
(5, 3, 5),
(20, 3, 20),
(16, 4, 16),
(17, 4, 17),
(21, 4, 21),
(22, 4, 22),
(25, 4, 25),
(30, 4, 30),
(12, 5, 12),
(14, 5, 14),
(15, 5, 15),
(19, 5, 19),
(26, 5, 26),
(29, 5, 29),
(7, 6, 7),
(8, 6, 8),
(10, 6, 10),
(11, 6, 11),
(28, 6, 28);

-- 
-- Dumping data for table formulario
--
INSERT INTO formulario VALUES
(1, 6, 'pablo', 'saturio', 639123123, 'pabloi@adfkjas.com');

-- 
-- Dumping data for table apadrinan
--
INSERT INTO apadrinan VALUES
(1, 1, 1),
(2, 3, 3),
(3, 5, 5),
(4, 7, 7);

--
-- Set default database
--
USE perreras;

DELIMITER $$

--
-- Create trigger `clienteformulario_AI`
--
CREATE 
	DEFINER = 'root'@'localhost'
TRIGGER IF NOT EXISTS clienteformulario_AI
	AFTER INSERT
	ON formulario
	FOR EACH ROW
IF EXISTS(SELECT * FROM clientes WHERE nombre = new.nombre_usuario AND apellidos = new.apellido_usuario) THEN 
      BEGIN 
      UPDATE clientes set telefono = new.telefono_usuario, email = new.correo  WHERE nombre = new.nombre_usuario AND apellidos = new.apellido_usuario; 
      END;
   ELSE 
      BEGIN
         INSERT INTO clientes( nombre ,apellidos ,telefono,email ) VALUES (new.nombre_usuario ,new.apellido_usuario ,new.telefono_usuario,new.correo);
      END;
      end if
$$

DELIMITER ;

-- 
-- Restore previous SQL mode
-- 
/*!40101 SET SQL_MODE=@OLD_SQL_MODE */;

-- 
-- Enable foreign keys
-- 
/*!40014 SET FOREIGN_KEY_CHECKS = @OLD_FOREIGN_KEY_CHECKS */;